<?xml version="1.0" encoding="utf-8" ?>
<selector xmlns:android="http://schemas.android.com/apk/res/android">
	<item android:state_checked="true">
		<shape android:shape="rectangle">
			<solid android:color="#D50000" />
			<corners android:radius="100.0dip" />
			<stroke android:width="1.0dip" android:color="#000000" />
			<size android:height="20.0dip" />
		</shape>
	</item>
	<item android:state_checked="false">
		<shape android:shape="rectangle">
			<solid android:color="@android:color/white" />
			<corners android:radius="100.0dip" />
			<stroke android:width="1.0dip" android:color="#000000" />
			<size android:height="20.0dip" />
		</shape>
	</item>
</selector>